Case-id,Prediction,Hour
BAC3,0.027099609375,1
VAC2,0.0255126953125,1
MUC3,0.02685546875,1
BAC2,0.0272216796875,1
GRC3,0.0198974609375,1
MAC3,0.0225830078125,1
VAC1,0.0255126953125,1
MAC1,0.0224609375,1
PAC4,0.0269775390625,1
GRC4,0.0198974609375,1
BIC4,0.02734375,1
BAC6,0.02734375,1
DOC7,0.0269775390625,1
TOC5,0.0245361328125,1
BIC5,0.02734375,1
VAC4,0.0255126953125,1
ALC3,0.0263671875,1
MUC4,0.0269775390625,1
TOC4,0.0245361328125,1
