Case-id,Prediction,Hour
RIG3,0.018310546875,1
TAL3,0.027099609375,1
TUR4,0.01446533203125,1
WAW2,0.0262451171875,1
RIG4,0.0181884765625,1
TAL4,0.0269775390625,1
SPT4,0.0279541015625,1
WAW3,0.0264892578125,1
JYV4,0.0263671875,1
OUL5,0.0252685546875,1
OUL6,0.0255126953125,1
WAW4,0.0263671875,1
HEL4,0.0262451171875,1
OUL7,0.0255126953125,1
