Case-id,Prediction,Hour
DOC1,0.0267333984375,1
MAC4,0.0225830078125,1
TOC1,0.0247802734375,1
VAC5,0.025390625,1
DOC5,0.0267333984375,1
TOC2,0.024658203125,1
ALC1,0.0262451171875,1
PAC1,0.02685546875,1
MAC2,0.0228271484375,1
BAC1,0.0272216796875,1
BIC1,0.02734375,1
BIC2,0.0274658203125,1
GRC1,0.019775390625,1
ALC2,0.026123046875,1
MUC1,0.0267333984375,1
GRC2,0.0196533203125,1
PAC2,0.0267333984375,1
ALC4,0.0262451171875,1
MUC5,0.02685546875,1
DOC8,0.02685546875,1
PAC3,0.0267333984375,1
