Case-id,Prediction,Hour
TIM2,0.0262451171875,1
SOF3,0.03369140625,1
SHK1,0.0262451171875,1
SHK2,0.026123046875,1
SHK3,0.026611328125,1
